sewershed_code,sewershed_name_short,Counties_served,County_address,Sample_location_type,Current_status,Shapefile,HO_region,site_type,Label_Name,tp_zipcode,DCIPHER_reported_pop,Shapefile.Name,Facility.Name,Verily.Name,Verily.DCIPHER.Name,SCAN.Name,HCVT.Name.s..Master.Covid.File,DWRL.Name,NWSS.Verily.Name,Biobot.Name,Luminultra.Name,UCB..CAL4..Name,CA.NWSS.Pilot.Name,other_name,sewershed_code_2
Amer_Canyon_Napa,American Canyon,Napa,Napa,wwtp,Monitoring,Yes,ABAHO,community,Napa (American Canyon),94503,20256,Amer_Canyon_Napa,American Canyon Water Reclamation Facility,NA,NA,NA,NA,Amer_Canyon_Napa,NA,NA,NA,NA,NA,NA,Amer_Canyon_Napa
AmerValley_Quincy,Quincy,Plumas,Plumas,wwtp,Monitoring,Yes,SACRAMENTO,community,Plumas (Quincy),95971,4217,AmerValley_Quincy,American Valley Wastewater Treatment Pant,NA,NA,NA,NA,AmerValley_Quincy,NA,NA,NA,NA,NA,NA,AmerValley_Quincy
Atascadero_WRF,Atascadero,San Luis Obispo,San Luis Obispo,wwtp,Not Monitoring,No,SOCAL,Community,San Luis Obispo (Atascadero),93422,15200,None,City of Atascadero Water Reclamation Facility,NA,NA,NA,NA,NA,atascadero,city of atascadero wrf influent,NA,NA,NA,NA,NA
BKERSFLD_P2,East Bakersfield,Kern,Kern,wwtp,Monitoring,Yes,SJVC,community,Kern (East Bakersfield),93307,168750,BKERSFLD_P2,Wastewater Treatment Plant #2,NA,NA,NA,NA,BKERSFLD_P2,NA,NA,NA,BKERSFLD_P2,NA,NA,BKERSFLD_P2
BKERSFLD_P3,West Bakersfield,Kern,Kern,wwtp,Not Monitoring,Yes,SJVC,community,Kern (West Bakersfield),93313,279023,BKERSFLD_P3,Wastewater Treatment Plant #3,NA,NA,NA,NA,BKERSFLD_P3,NA,NA,NA,NA,NA,NA,BKERSFLD_P3
CALEXICO_CTY,Calexico,Imperial,Imperial,wwtp,Monitoring,Yes,SOCAL,community,Imperial (Calexico),92231,40000,CALEXICO_CTY,Calexico Water Pollution Control Plant,NA,NA,NA,NA,CALEXICO_CTY,NA,NA,NA,CALEXICO_CTY,NA,NA,CALEXICO_CTY
Camarillo_SD,Camarillo,Ventura,Ventura,wwtp,Not Monitoring,No,SOCAL,community,Ventura (Camarillo),93012,47000,None,CDPH - Camarillo Sanitary District- Camarillo Water Reclamation Plant,NA,NA,NA,NA,NA,NA,NA,NA,NA,NA,NA,Camarillo_SD
CAWD_Carmel,Carmel,Monterey,Monterey,wwtp,Monitoring,No,ABAHO,community,Monterey (Carmel),93922,15000,None,Carmel Area Wastewater District,carmel area wastewater district,NA,NA,NA,NA,NA,carmel area wd (ca) - facility influent,NA,NA,NA,NA,CAWD_Carmel
CCCSD_Concord,Concord,Contra Costa,Contra Costa,upstream,Not monitoring,Yes,ABAHO,community,Contra Costa (Concord),94553,145000,CCCSD_Concord,Central Contra Costa SD WWTP,NA,NA,NA,NA,NA,NA,NA,NA,NA,NA,NA,CCCSD_Concord
CCCSD_WWTP,Central Contra Costa,Contra Costa,Contra Costa,wwtp,Monitoring,Yes,ABAHO,community,Contra Costa (Central San),94553,484800,CCCSD_WWTP,Central Contra Costa SD WWTP,Contra Costa County,central contra costa sanitary district,NA,NA,CCCSD_WWTP,NA,central contra costa sanitary district inf-001,NA,CCCSD_WWTP,NA,NA,CCCSD_WWTP
CCSD_Cambria,Cambria,San Luis Obispo,San Luis Obispo,wwtp,Monitoring,No,SOCAL,community,San Luis Obispo (Cambria),93428,6500,None,Cambria Community Services District WWTP,NA,NA,NA,NA,NA,NA,cambria community services district,NA,NA,NA,NA,CCSD_Cambria
CCWRP_CaleraCreek,Pacifica,San Mateo,San Mateo,wwtp,Monitoring,No,ABAHO,community,San Mateo (Pacifica),94044,40000,None,Calera Creek Water Recycling Plant,Pacifica,calera creek water recycling plant,NA,NA,NA,NA,NA,NA,NA,NA,NA,CCWRP_CaleraCreek
CCWTP_CrescentCity,Crescent City,Del Norte,Del Norte,wwtp,Monitoring,No,RANCHO,community,Del Norte (Crescent City),95531,95531,None,"CDPH - City of Crescent City, Wastewater Treatment Facility",NA,NA,NA,NA,NA,NA,NA,NA,NA,NA,NA,CCWTP_CrescentCity
Chico_WPCP,Chico,Butte,Butte,wwtp,Monitoring,No,SACRAMENTO,community,Butte (Chico),95928,101299,None,NA,NA,NA,NA,NA,Chico_WPCP,NA,NA,NA,NA,NA,NA,Chico_WPCP
City_Lakeport,Lakeport,Lake,Lake,wwtp,Not Monitoring,Yes,RANCHO,community,Lake (Lakeport),95453,5000,City_Lakeport,Lakeport City WWTP,NA,NA,NA,NA,NA,NA,city of lakeport influent headworks,NA,NA,NA,NA,City_Lakeport
City_Lompoc,Lompoc,Santa Barbara,Santa Barbara,wwtp,Monitoring,No,SOCAL,community,Santa Barbara (Lompoc),93436,69290,None,City of Lompoc Regional Wastewater Reclamation Plant,Lompoc,lompoc regional wastewater reclamation plant,NA,NA,NA,NA,NA,NA,NA,NA,NA,City_Lompoc
City_Redlands,Redlands,San Bernardino,San Bernardino,wwtp,Monitoring,No,SOCAL,community,San Bernardino (Redlands),92373,73000,None,City of Redlands WWTP,CDPH - City of Redlands Wastewater Treatment Plant,NA,NA,NA,NA,NA,city of redlands-wwtf,NA,NA,NA,NA,City_Redlands
City_Yuba,Yuba City,Sutter,Sutter,wwtp,Monitoring,No,SACRAMENTO,community,Sutter (Yuba City),95991,95991,None,CDPH - City of Yuba City Wastewater Treatment Facility,NA,NA,NA,NA,NA,NA,NA,NA,NA,NA,NA,City_Yuba
CMSA_Inf,San Rafael/Larkspur,Marin,Marin,wwtp,Not monitoring,Yes,ABAHO,community,Marin (CMSA: San Rafael/Larkspur),94901,104250,CMSA_Inf,Central Marin Sanitation Agency,NA,central marin sanitation agency,NA,NA,NA,NA,NA,NA,NA,NA,NA,CMSA_Inf
CMSA_RVSD,Ross Valley,Marin,Marin,upstream,Not monitoring,Yes,ABAHO,community,Marin (Ross Valley),94901,49000,CMSA_RVSD,Sanitary District No. 1 of Marin County (a.k.a. Ross Valley Sanitary District),NA,NA,NA,NA,NA,NA,NA,NA,NA,NA,NA,CMSA_RVSD
CMSA_SD2,Corte Madera,Marin,Marin,upstream,Not monitoring,Yes,ABAHO,community,Marin (Corte Madera),94925,12000,CMSA_SD2,Sanitary District No. 2 of Marin County (subsidiary of Town of Corte Madera),NA,NA,NA,NA,NA,NA,NA,NA,NA,NA,NA,CMSA_SD2
CMSA_SRSD,San Rafael,Marin,Marin,upstream,Not monitoring,Yes,ABAHO,community,Marin (San Rafael),94901,41000,CMSA_SRSD,San Rafael Sanitation District,San Rafael,NA,NA,NA,NA,NA,NA,NA,NA,NA,NA,CMSA_SRSD
CMSA_WRPS,West Railroad,Marin,Marin,upstream,Monitoring,Yes,ABAHO,community,Marin (West Railroad),94901,25000,CMSA_WRPS,West Railroad Pump Station,"West Railroad, San Rafael",central marin sanitation agency - west railroad,NA,NA,NA,NA,west railroad cdc,NA,NA,NA,NA,CMSA_WRPS
CODIGA_All,Stanford,Santa Clara,Santa Clara,campus,Monitoring,Yes,ABAHO,community,Santa Clara (Stanford Campus),94305,3494.79,CODIGA_All,William and Cloy Codiga Resource Recovery Center,CODIGA,NA,CODIGA,NA,NA,NA,NA,NA,NA,NA,NA,CODIGA_All
CODIGA_PA_RES,Stanford,Santa Clara,Santa Clara,upstream,Monitoring,Yes,ABAHO,community,Santa Clara (Stanford Campus),94305,897.82,CODIGA_PA_RES,William and Cloy Codiga Resource Recovery Center - Res,CODIGA_RES,NA,CODIGA_RES,NA,NA,NA,NA,NA,NA,NA,NA,CODIGA_PA_RES
Cty_SanMateo,San Mateo,San Mateo,San Mateo,wwtp,Monitoring,Yes,ABAHO,community,San Mateo (San Mateo),94404,150000,Cty_SanMateo,City of San Mateo Wastewater Treatment Plant,San Mateo,city of san mateo & estero m.i.d. water quality control plant,NA,NA,NA,city of san mateo and estero municipal i,NA,NA,NA,NA,NA,Cty_SanMateo
Davis,Davis,Yolo,Yolo,wwtp,Monitoring,Yes,SACRAMENTO,community,Yolo (Davis),95616,70717,Davis,City of Davis Wastewater Treatment Plant,Davis,Davis_WWTP,Davis; Davis_WWTP,NA,NA,NA,NA,NA,NA,NA,NA,Davis
DelDiablo,Delta Diablo: Pittsburg/Antioch/Bay Point,Contra Costa,Contra Costa,wwtp,Monitoring,Yes,ABAHO,community,Contra Costa (Delta Diablo: Pittsburg/Antioch/Bay Point),94509,215000,DelDiablo,Delta Diablo Wastewater Treatment Plant and Wastewater Collection System,CDPH - Delta Diablo Wastewater Treatment Plant,NA,NA,NA,NA,NA,delta diablo wwtp,delta diablo wwtp,NA,NA,NA,DelDiablo
EBMUD,Alameda East Bay,Alameda,Alameda,wwtp,Monitoring,Yes,ABAHO,community,Alameda (East Bay),94607,740000,EBMUD,East Bay Municipal Utility District,Oakland,east bay municipal utility district,NA,NA,EBMUD,NA,NA,NA,EBMUD,NA,NA,EBMUD
EBMUD_Adeline,EBMUD_Adeline,Alameda,Alameda,upstream,Not monitoring,Yes,ABAHO,community,Alameda (Central East Bay),94607,88800,EBMUD_Adeline,East Bay Municipal Utility District-Adeline,NA,NA,NA,NA,NA,NA,NA,NA,NA,NA,NA,EBMUD_Adeline
EBMUD_North,EBMUD_North,"Alameda, Contra Costa",Alameda,upstream,Not monitoring,Yes,ABAHO,community,Alameda (North East Bay),94607,148000,EBMUD_North,East Bay Municipal Utility District-North,NA,NA,NA,NA,NA,NA,NA,NA,NA,NA,NA,EBMUD_North
EBMUD_South,EBMUD_South,Alameda,Alameda,upstream,Not monitoring,Yes,ABAHO,community,Alameda (South East Bay),94607,503200,EBMUD_South,East Bay Municipal Utility District-South,NA,NA,NA,NA,NA,NA,NA,NA,NA,NA,NA,EBMUD_South
EDID_ElDorado,El Dorado,El Dorado,El Dorado,wwtp,Monitoring,No,SACRAMENTO,community,El Dorado (El Dorado),95762,131000,EDID_ElDorado,CDPH - El Dorado Irrigation District,NA,NA,NA,NA,NA,NA,NA,NA,NA,NA,NA,EDID_ElDorado
ElCentro_WWTP,El Centro ,Imperial,Imperial,wwtp,Monitoring,No,SOCAL,community,Imperial (El Centro),92243,50000,ElCentro_WWTP,El Centro Wastewater Treatment Plant,NA,NA,NA,NA,NA,NA,city of el centro wwtp influent,NA,NA,NA,NA,ElCentro_WWTP
EllisCreek_Petaluma,Petaluma,Sonoma,Sonoma,wwtp,Monitoring,Yes,ABAHO,community,Sonoma (Petaluma),94954,65000,EllisCreek_Petaluma,Ellis Creek Water Recycling Facility,Petaluma,ellis creek water recycling facility,NA,NA,NA,NA,NA,NA,NA,NA,NA,EllisCreek_Petaluma
EspartoCSD_WWTP,Esparto,Yolo,Yolo,wwtp,Monitoring,Yes,SACRAMENTO,hcvt_rural,Yolo (Esparto),95627,3272,EspartoCSD_WWTP,Esparto CSD WWTF,Esparto Wastewater Treatment Facility,NA,NA,Esparto Wastewater Treatment Plant,NA,NA,NA,NA,NA,NA,NA,EspartoCSD_WWTP
Eureka_ElkRiver,Eureka,Humboldt,Humboldt,wwtp,Monitoring,Yes,RANCHO,community,Humboldt (Eureka),95503,43173,Eureka_ElkRiver,Elk River Wastewater Treatment Plant,NA,NA,NA,NA,NA,NA,elk river wwtp,elk river wwtp,NA,NA,NA,Eureka_ElkRiver
Facility_CMF,California Medical Facility,Solano,Solano,upstream,Not monitoring,No,ABAHO,medical facility,Solano (California Medical Facility),95696,NA,none,California Medical Facility,NA,NA,NA,NA,NA,NA,NA,NA,NA,NA,NA,Facility_CMF
FortBragg_WWTP,Fort Bragg,Mendocino,Mendocino,wwtp,Not Monitoring,No,RANCHO,community,Mendocino (Fort Bragg),95437,12000,None,CDPH - Fort Bragg Wastewater Treatment Facility,Fort Bragg,NA,NA,NA,NA,NA,NA,NA,NA,NA,NA,FortBragg_WWTP
FRSN_CLVS_RWRF,Fresno,Fresno,Fresno,wwtp,Monitoring,Yes,SJVC,community,Fresno (Fresno),93706,650000,FRSN_CLVS_RWRF,Fresno-Clovis Regional Wastewater Reclamation Facility,NA,NA,NA,NA,FRSN_CLVS_RWRF,NA,NA,NA,FRSN_CLVS_RWRF,NA,NA,FRSN_CLVS_RWRF
FSSD_Fairfield,Fairfield ,Solano,Solano,wwtp,Monitoring,No,ABAHO,community,Solano (Fairfield),94534,155000,FSSD_Fairfield,Fairfield-Suisun Wastewater Treatment Plant,Fairfield,Fairfield-Suisun Sewer District,NA,NA,NA,NA,NA,NA,NA,NA,NA,FSSD_Fairfield
Goleta_SD,Goleta,Santa Barbara,Santa Barbara,wwtp,Monitoring,No,SOCAL,community,Santa Barbara (Goleta),93117,97000,None,CDPH - Goleta Sanitary District,CDPH - Goleta Sanitary District,NA,NA,NA,NA,NA,NA,NA,NA,NA,NA,Goleta_SD
Grass_Valley,Grass Valley,Nevada,Nevada,wwtp,Monitoring,No,SACRAMENTO,Community,Nevada (Grass Valley),95949,13754,None,Grass Valley Wastewater Plant,NA,NA,NA,NA,NA,grass valley wastewater plant,NA,NA,NA,NA,NA,Grass_Valley
Hollister_DWRF,Hollister,San Benito,San Benito,wwtp,Monitoring,Yes,ABAHO,community,San Benito (Hollister),95023,42000,Hollister_DWRF,Hollister Domestic WWTP,Hollister,city of hollister domestic water recycling facility,NA,NA,NA,san benito county,hollister domestic treatment plant,hollister domestic treatment plant,NA,NA,NA,Hollister_DWRF
HWWTF_Hanford,Hanford,Kings,Kings,wwtp,Monitoring,No,SJVC,community,Kings (Hanford),93239,59000,None,City of Hanford WWTF,CDPH - City of Hanford Wastewater Treatment Facility,NA,NA,NA,NA,NA,city of hanford wwtp,NA,NA,NA,NA,HWWTF_Hanford
IEUA_RP1_Ontario,Ontario,San Bernardino,San Bernardino,wwtp,Monitoring,Yes,SOCAL,community,San Bernardino (Ontario),91708,890000,IEUA_RP1_Ontario,Regional Water Recycling Plant No.1 (RP-1),Ontario,regional water recycling plant no.1 (rp-1),NA,NA,NA,NA,NA,NA,NA,NA,NA,IEUA_RP1_Ontario
LACSD_Jnt,LA County,Los Angeles,Los Angeles,wwtp,Monitoring,Yes,SOCAL,community,Los Angeles (County),90745,3500000,LACSD_Jnt,Joint Water Pollution Control Plant,Los Angeles County,joint water pollution control plant,NA,NA,LACSD_Jnt,NA,NA,NA,NA,LACSD_Jnt,A.K. Warren Water Resource Facility,LACSD_Jnt
LACSD_Lancaster,Lancaster,Los Angeles,Los Angeles,wwtp,Monitoring,Yes,SOCAL,community,Los Angeles (Lancaster),93534,2.00E+05,LACSD_Lancaster,Lancaster Water Reclamation Plant - Sanitation District No. 14,Lancaster,lancaster water reclamation plant,NA,NA,NA,los angeles county sanitation districts,lancaster water reclamation plant (wrp),lancaster water reclamation plant (wrp),NA,NA,NA,LACSD_Lancaster
LagunaNiguel_CTP,Laguna Niguel - Coastal,Orange,Orange,wwtp,Monitoring,No,SOCAL,community,Orange (Laguna Niguel - Coastal),92677,48000,None,Coastal Treatment Plant,"Coastal, Laguna Niguel",NA,NA,NA,NA,NA,NA,NA,NA,NA,NA,LagunaNiguel_CTP
LagunaNiguel_JBLTP,Laguna Niguel - JB Latham,Orange,Orange,wwtp,Monitoring,No,SOCAL,community,Orange (Laguna Niguel - JB Latham),92677,120000,None,JB Latham Treatment Plant,"JB Latham, Laguna Niguel",NA,NA,NA,NA,NA,NA,NA,NA,NA,NA,LagunaNiguel_JBLTP
LagunaNiguel_Regional,Laguna Niguel - Regional,Orange,Orange,wwtp,Monitoring,No,SOCAL,community,Orange (Laguna Niguel - Regional),92677,129000,None,Regional Treatment Plant,"Regional, Laguna Niguel",NA,NA,NA,NA,NA,NA,NA,NA,NA,NA,LagunaNiguel_Regional
LakeCty_NW,Northwest Lake,Lake,Lake,wwtp,Monitoring,No,RANCHO,community,Lake (Northwest),95453,10080,LakeCty_NW,Northwest Regional Wastewater System,CDPH - NW Regional Waste Disposal Facility,NA,NA,NA,NA,NA,lake county sd - northwest regional wwtp,lake county sd - northwest regional wwtp,NA,NA,NA,LakeCty_NW
LakeCty_SE,Southeast Lake,Lake,Lake,wwtp,Monitoring,Yes,RANCHO,community,Lake (Southeast),95453,13200,LakeCty_SE,Southeast Regional Wastewater System,NA,NA,NA,NA,LakeCty_SE,NA,NA,NA,NA,NA,NA,LakeCty_SE
LASAN_Hyp,LA City (Hyperion),"Los Angeles, Ventura",Los Angeles,wwtp,Monitoring,Yes,SOCAL,community,Los Angeles (City - Hyperion),90293,4.00E+06,LASAN_Hyp,Hyperion Water Reclamation Plant (HWRP),Los Angeles,hyperion water reclamation plant (hwrp),NA,NA,LASAN_Hyp,NA,NA,NA,LASAN_Hyp,LASAN_Hyp,NA,LASAN_Hyp
LAX,LAX,Los Angeles,Los Angeles,wwtp,Not Monitoring,No,SOCAL,airport,Los Angeles (LAX Airport),90293,NA,None,"CDPH - LAX, Hyperion Water Reclamation Plant",NA,NA,NA,NA,NA,NA,NA,NA,NA,NA,NA,LAX
LGVSD_Inf,Las Gallinas,Marin,Marin,wwtp,Monitoring,Yes,ABAHO,community,Marin (Las Gallinas),94903,30000,LGVSD_Inf,Las Gallinas Valley Sanitary District Sewage Treatment Plant,"Las Gallinas, San Rafael",las gallinas valley sanitary district,NA,NA,NA,NA,NA,NA,NA,NA,NA,LGVSD_Inf
LosBanos_WWTP,Los Banos,Merced,Merced,wwtp,Monitoring,Yes,SJVC,hcvt_rural,Merced (Los Banos),93635,42000,LosBanos_WWTP,Los Banos Wastewater Treatment Facility,Los Banos,NA,Los Banos,Los Banos Wastewater Treatment Plant,NA,NA,NA,NA,NA,NA,NA,LosBanos_WWTP
LOWRF_LosOsos,Los Osos,San Luis Obispo,San Luis Obispo,wwtp,Monitoring,No,SOCAL,community,San Luis Obispo (Los Osos),93402,14276,LOWRF_LosOsos,Los Osos Water Recycling Facility,NA,NA,NA,NA,NA,los osos water recycling facility plant,los osos water recycling facility plant influent,NA,NA,NA,county of san luis obispo,LOWRF_LosOsos
LVMWD_Tapia,Tapia/Calabasas,"Los Angeles, Ventura",Los Angeles,wwtp,Monitoring,Yes,SOCAL,community,Los Angeles (Tapia/Calabasas),91302,1.00E+05,LVMWD_Tapia,Las Virgenes Municipal Water District - Tapia,las virgenes municipal water district,NA,NA,NA,NA,NA,tapia water reclamation facility,tapia water reclamation facility,NA,NA,NA,LVMWD_Tapia
Madera_WWTP,Madera City,Madera,Madera,wwtp,Monitoring,No,SJVC,community,Madera (Madera City),93637,67944,None,"City of Madera, Wastewater Treatment Plant","City of Madera, Wastewater Treatment Plant",NA,NA,NA,NA,NA,NA,NA,NA,NA,NA,Madera_WWTP
MammothCWD,Mammoth Lakes,Mono,Mono,wwtp,Monitoring,Yes,SOCAL,community,Mono (Mammoth Lakes),93546,350000,MammothCWD,CDPH - Mammoth Community Water District,NA,NA,NA,NA,NA,NA,NA,NA,NA,NA,NA,MammothCWD
Manteca_WQCF,Manteca,San Joaquin,San Joaquin,wwtp,Monitoring,No,SJVC,community,San Joaquin (Manteca),95337,83498,None,Manteca WW Quality Control Facility,NA,NA,NA,NA,NA,NA,Manteca WW Quality Control Facility,NA,NA,NA,NA,Manteca_WQCF
Marin_SDistrict4,Tiburon,Marin,Marin,wwtp,Not monitoring,No,ABAHO,community,Marin (Tiburon),94920,8400,Marin_SDistirct5,Marin CSD 5 - Tiburon WWTP,NA,NA,NA,NA,NA,NA,NA,NA,NA,NA,NA,Marin_SDistirct5
Merced_Cty,Merced,Merced,Merced,wwtp,Monitoring,Yes,SJVC,community,Merced (Merced),95341,91000,Merced_Cty,City of Merced WWTP,NA,NA,Merced,Merced Wastewater Treatment Plant,NA,NA,NA,NA,NA,NA,Merced_Cty,Merced_Cty
Modesto_Cty,Modesto,Stanislaus,Stanislaus,wwtp,Monitoring,Yes,SJVC,community,Stanislaus (Modesto),95351,230000,Modesto_Cty,City of Modesto Water Quality Control Facility,NA,NA,Modesto,Modesto Wastewater Primary Treatment Facility,NA,NA,NA,NA,NA,NA,Modesto_Cty,Modesto_Cty
MontereyWWTP_Marina,Monterey One Marina,Monterey,Monterey,wwtp,Monitoring,No,ABAHO,community,Monterey (Marina),93933,250000,None,Monterey One Water - Regional Treatment Plant,Marina,NA,NA,NA,NA,NA,monterey one water plant influent,NA,NA,NA,NA,MontereyWWTP_Marina
MountainHouse_WWTP,Mountain House,San Joaquin,San Joaquin,wwtp,Monitoring,No,SJVC,community,San Joaquin (Mountain House),95391,24499,None,Mountain House WWTP,NA,NA,NA,NA,NA,"wastewater treatment plant, city of moun",Mountain House WWTP,NA,NA,NA,NA,MountainHouse_WWTP
NapaSan_SWRF,Napa,Napa,Napa,wwtp,Monitoring,Yes,ABAHO,community,Napa (Napa),94558,83300,NapaSan_SWRF,Soscol Water Recycling Facility,Napa,soscol water recycling facility,NA,NA,NA,NA,NA,NA,NA,NA,NA,NapaSan_SWRF
NCSD_Nipomo,Nipomo,San Luis Obispo,San Luis Obispo,wwtp,Monitoring,No,SOCAL,community,San Luis Obispo (Nipomo),93444,6500,None,Nipomo Community Services District Southland Wastewater Treatment Facility,NA,NA,NA,NA,NA,NA,nipomo csd wastewater treatment plant influent,NA,NA,NA,NA,NCSD_Nipomo
NovatoSD,Novato,Marin,Marin,wwtp,Monitoring,Yes,ABAHO,community,Marin (Novato),94945,53000,NovatoSD,Novato Sanitary District Wastewater Treatment Plant,Novato,novato sanitary district,NA,NA,NA,NA,NA,NA,NA,NA,NA,NovatoSD
NPS_ElPortal,El Portal: Yosemite Valley/NP,Mariposa,Mariposa,wwtp,Monitoring,No,SJVC,community,Mariposa (El Portal: Yosemite Valley/NP),95318,2200,None,CDPH - El Portal Wastewater Treatment Facility,El Portal,NA,NA,NA,NA,NA,NA,NA,NA,NA,NA,NPS_ElPortal
OCSD_P1,Orange County,Orange,Orange,wwtp,Monitoring,Yes,SOCAL,community,Orange (Orange),92708,1800000,OCSD_P1,Reclamation Plant No. 1 (Fountain Valley),NA,NA,NA,NA,OCSD_P1,NA,NA,NA,NA,OCSD_P1,NA,OCSD_P1
OrovilleSC,Oroville,Butte,Butte,wwtp,Monitoring,No,SACRAMENTO,community,Butte (Oroville),95965,44000,None,CDPH - Sewerage Commission - Oroville Region,NA,NA,NA,NA,NA,NA,NA,NA,NA,NA,NA,OrovilleSC
Oxnard_WWTP,Oxnard,Ventura,Ventura,wwtp,Monitoring,Yes,SOCAL,community,Ventura (Oxnard),93033,230000,Oxnard_WWTP,Oxnard Wastewater Treatment Plant,NA,NA,NA,NA,NA,oxnard wastewater division ca,city of oxnard wastewater division ca headworks,NA,NA,NA,NA,Oxnard_WWTP
PA_all,Palo Alto,"Santa Clara, San Mateo",Santa Clara,wwtp,Monitoring,Yes,ABAHO,community,Santa Clara (Palo Alto),94303,236000,PA_all,Palo Alto Regional WQCP,Palo Alto,NA,Palo Alto; PA_ALL,NA,NA,NA,NA,NA,NA,NA,NA,PA_all
PasoRobles_WWTP,Paso Robles,San Luis Obispo,San Luis Obispo,wwtp,Monitoring,Yes,SOCAL,community,San Luis Obispo (Paso Robles),93446,31037,PasoRobles_WWTP,City of Paso Robles Wastewater Treatment Plant,Paso Robles,city of paso robles wastewater treatment plant,NA,NA,NA,NA,NA,NA,NA,NA,NA,PasoRobles_WWTP
PlacerNW_PG_WWTP,Roseville Northwest,Placer,Placer,wwtp,Monitoring,No,SACRAMENTO,community,Placer (Roseville - Northwest),95747,130000,None,CDPH - Pleasant Grove WasteWater Treatment Plant,CDPH - Pleasant Grove WasteWater Treatment Plant,NA,NA,NA,NA,NA,NA,NA,NA,NA,NA,PlacerNW_PG_WWTP
PlacerSE_DC_WWTP,Roseville Southeast,Placer,Placer,wwtp,Monitoring,No,SACRAMENTO,community,Placer (Roseville - Southeast - Dry Creek),95747,130000,None,CDPH - Dry Creek WasteWater Treatment Plant,CDPH - Dry Creek WasteWater Treatment Plant,NA,NA,NA,NA,NA,NA,NA,NA,NA,NA,PlacerSE_DC_WWTP
Redding_Clearcreek,Redding - Clear Creek,Shasta,Shasta,wwtp,Monitoring,No,RANCHO,community,Shasta (Redding - Clear Creek),96007,74000,None,CDPH - Clear Creek Wastewater Treatment Plant,Clear Creek,NA,NA,NA,Redding_Clearcreek,NA,influent headworks composite - 4,NA,NA,NA,NA,Redding_Clearcreek
Redding_Stillwater,Redding - Stillwater,Shasta,Shasta,wwtp,Monitoring,No,RANCHO,community,Shasta (Redding - Stillwater),96007,29000,None,CDPH - Redding Stillwater Plant,Stillwater,NA,NA,NA,NA,NA,NA,NA,NA,NA,NA,Redding_Stillwater
Riverside_WQCP,Riverside,Riverside,Riverside,wwtp,Monitoring,No,SOCAL,community,Riverside (Riverside),92504,350000,None,Riverside Water Quality Control Plant,Riverside,NA,NA,NA,NA,NA,NA,NA,NA,NA,NA,Riverside_WQCP
SAMC_HMB,Half Moon Bay,San Mateo,San Mateo,wwtp,Monitoring,Yes,ABAHO,community,San Mateo (Half Moon Bay),94019,28000,SAMC_HMB,Sewer Authroty Mid-Coastside Half Moon Bay Wastewater Treatment Plant,Half Moon Bay,sewer authority mid-coastside,NA,NA,NA,NA,NA,NA,NA,NA,NA,SAMC_HMB
SanLeandro_SD,San Leandro,Alameda,Alameda,wwtp,Monitoring,Yes,ABAHO,community,Alameda (San Leandro),94577,50000,SanLeandro_SD,City of San Leandro Water Pollution Control Plant,San Leandro,City of San Leandro Water Pollution Control Plant,NA,NA,NA,san leandro water pollution cont,city of san leandro water pollution control plant,city of san leandro water pollution control plant,NA,NA,NA,SanLeandro_SD
SanMateo_EPA,East Palo Alto,San Mateo,San Mateo,upstream,Monitoring,Yes,ABAHO,community,San Mateo (East Palo Alto),94303,24667.21,SanMateo_EPA,Palo Alto Regional WQCP,NA,NA,NA,NA,NA,NA,NA,NA,NA,NA,NA,SanMateo_EPA
SanQuentin_Prison,San Quentin,Marin,Marin,upstream,Monitoring,No,ABAHO,prison,Marin (San Quentin Prison),94964,NA,SanQuentin,San Quentin Prison,NA,NA,NA,NA,NA,NA,NA,NA,NA,NA,NA,SanQuentin_Prison
SantaBarbara_Cty,El Estero,Santa Barbara,Santa Barbara,wwtp,Monitoring,No,SOCAL,community,Santa Barbara (El Estero),93103,77600,None,NA,NA,NA,NA,NA,NA,NA,NA,NA,NA,NA,NA,SantaBarbara_Cty
SantaClara_GilMrg,Gilroy/Morgan Hill,Santa Clara,Santa Clara,wwtp,Monitoring,Yes,ABAHO,community,Santa Clara (Gilroy/Morgan Hill),95020,110338,SantaClara_GilMrg,South County Regional WW Authority,Gilroy Wastewater Treatment,NA,Gilroy,NA,NA,NA,NA,NA,NA,NA,South County Regional Wastewater Authority,SantaClara_GilMrg
SantaClara_SJ,San Jose,Santa Clara,Santa Clara,wwtp,Monitoring,Yes,ABAHO,community,Santa Clara (San Jose),95134,1500000,SantaClara_SJ,San Jose-Santa Clara Regional Wastewater Facility,San Jose,NA,San Jose,NA,NA,NA,NA,NA,NA,NA,NA,SantaClara_SJ
SantaClara_Sun,Sunnyvale,Santa Clara,Santa Clara,wwtp,Monitoring,Yes,ABAHO,community,Santa Clara (Sunnyvale),94089,153000,SantaClara_Sun,Sunnyvale WPCP,City of Sunnyvale Water Pollution Control Plant,NA,Sunnyvale,NA,NA,NA,NA,NA,NA,NA,Santa_Clara_Sun,SantaClara_Sun
SantaRosa_Laguna,Santa Rosa,Sonoma,Sonoma,wwtp,Monitoring,No,ABAHO,community,Sonoma (Santa Rosa),95403,230000,SantaRosa_Laguna,"City of Santa Rosa, Laguna Treatment Plant; Laguna Subregion Wastewater Treatment Plant",NA,"city of santa rosa, laguna treatment plant",NA,NA,NA,city of santa rosa influent,laguna treatment plant,laguna treatment plant,NA,NA,NA,SantaRosa_Laguna
Sausalito_MarinCity_Inf,Sausalito,Marin,Marin,wwtp,Monitoring,Yes,ABAHO,community,Marin (Sausalito),94965,18000,Sausalito_MarinCity_Inf,Sausalito-Marin City Sanitary District Wastewater Treatment Plant,Sausalito,sausalito-marin city sanitary district,NA,NA,NA,NA,NA,NA,NA,NA,NA,Sausalito_MarinCity_Inf
SBMWD_WWRF,San Bernardino,San Bernardino,San Bernardino,wwtp,Monitoring,Yes,SOCAL,community,San Bernardino (San Bernardino),92408,325000,SBMWD_WWRF,Margaret H Chandler WRP,NA,NA,NA,NA,SBMWD_WWRF,NA,NA,NA,NA,SBMWD_WWRF,NA,SBMWD_WWRF
SCCSD_City,Santa Cruz City,Santa Cruz,Santa Cruz,wwtp,Monitoring,No,ABAHO,community,Santa Cruz (Santa Cruz City),95060,160000,SCCSD_city,Santa Cruz City Wastewater Treatment Plant,Santa Cruz,city of santa cruz wwtf primary influent,City of Santa Cruz WTF - City Influent,NA,NA,city of santa cruz,1. city influent - santa cruz wwtf,1. city influent - santa cruz wwtf,NA,NA,city influent - santa cruz wwtf,SCCSD_city
SCCSD_combined,Santa Cruz Combined ,Santa Cruz,Santa Cruz,wwtp,Monitoring,Yes,ABAHO,community,Santa Cruz (Combined),95060,150000,SCCSD_combined,City of Santa Cruz WWTP - combined influent,NA,city of santa cruz 60 city-40 county inf,NA,NA,NA,NA,3. combined influent - santa cruz wwtf,3. combined influent - santa cruz wwtf,NA,NA,combined influent - santa cruz wwtf,SCCSD_combined
SCCSD_County,Santa Cruz County,Santa Cruz,Santa Cruz,wwtp,Monitoring,No,ABAHO,community,Santa Cruz (Santa Cruz County),95060,160000,SCCSD_county,NA,Santa Cruz County,city of santa cruz - county influent,City of Santa Cruz WTF - County Influent,NA,NA,NA,2. county influent - santa cruz wwtf,2. county influent - santa cruz wwtf,NA,NA,county influent - santa cruz wwtf,SCCSD_county
Scotts_Valley,Scotts Valley,Santa Cruz,Santa Cruz,wwtp,Monitoring,No,ABAHO,community,Santa Cruz (Scotts Valley),95066,12000,Scotts_Valley,NA,NA,city of scotts valley wastewater treatme,NA,NA,NA,NA,NA,NA,NA,NA,NA,Scotts_Valley
SDPU_PtLom,San Diego,San Diego,San Diego,wwtp,Monitoring,Yes,SOCAL,community,San Diego (San Diego),92106,2200000,SDPU_PtLom,E.W. Blom Point Loma Wastewater Treatment Plant,San Diego,e.w. blom point loma wastewater treatment plant,NA,NA,SDPU_PtLom,NA,NA,NA,NA,SDPU_PtLom,NA,SDPU_PtLom
SFPUC_Ocean,SF Oceanside,"San Francisco, San Mateo",San Francisco,wwtp,Monitoring,Yes,ABAHO,community,San Francisco (Oceanside),94102,250000,SFPUC_Ocean,Oceanside Water Pollution Control Plant,Oceanside,NA,Oceanside,NA,SFPUC_Ocean,NA,NA,NA,NA,SFPUC_Ocean,NA,SFPUC_Ocean
SFPUC_SE,SF Southeast,"San Francisco, San Mateo",San Francisco,wwtp,Monitoring,Yes,ABAHO,community,San Francisco (Southeast),94124,750000,SFPUC_SE,Southeast Water Pollution Control Plant,Southeast San Francisco,Southeast San Francisco,Southeast San Francisco,NA,SFPUC_SE,NA,NA,NA,NA,SFPUC_SE,NA,SFPUC_SE
SFPUC_SE_Alabama,Alabama,San Francisco,San Francisco,upstream,Monitoring,Yes,ABAHO,sf_sub,San Francisco (Alabama (Eastern Mission District)),94124,9923,SFPUC_SE_Alabama,Southeast Water Pollution Control Plant - Alabama,NA,NA,NA,NA,SFPUC_SE_Alabama,NA,NA,NA,NA,NA,NA,SFPUC_SE_Alabama
SFPUC_SE_CHS,Channel Station,San Francisco,San Francisco,upstream,Not monitoring,Yes,ABAHO,sf_sub,San Francisco (Channel Station),94124,526000,SFPUC_SE_CHS,Southeast Water Pollution Control Plant - CHS,NA,NA,NA,NA,NA,NA,NA,NA,NA,NA,NA,SFPUC_SE_CHS
SFPUC_SE_Ingalls,Ingalls,San Francisco,San Francisco,upstream,Monitoring,Yes,ABAHO,sf_sub,San Francisco (Ingalls (Smaller section of the S. Bayview)),94124,3882,SFPUC_SE_Ingalls,Southeast Water Pollution Control Plant - Ingalls,NA,NA,NA,NA,SFPUC_SE_Ingalls,NA,NA,NA,NA,NA,NA,SFPUC_SE_Ingalls
SFPUC_SE_Jackson,Jackson,San Francisco,San Francisco,upstream,Monitoring,Yes,ABAHO,community,San Francisco (Jackson (Chinatown & parts of N. Beach)),94124,3882,SFPUC_SE_Jackson,Southeast Water Pollution Control Plant - Jackson,NA,NA,NA,NA,SFPUC_SE_Jackson,NA,NA,NA,NA,NA,NA,SFPUC_SE_Jackson
SFPUC_SE_NHF,Newhall Fairfax,"San Francisco, San Mateo",San Francisco,upstream,Monitoring,Yes,ABAHO,sf_sub,San Francisco (Newhall Fairfax),94124,66446,SFPUC_SE_NHF,Southeast Water Pollution Control Plant - NHF,NA,NA,NA,NA,SFPUC_SE_NHF,NA,NA,NA,NA,NA,NA,SFPUC_SE_NHF
SFPUC_SE_NSPS,Northshore Pump Station,San Francisco,San Francisco,upstream,Not monitoring,Yes,ABAHO,sf_sub,San Francisco (Northshore Pump Station),94124,79000,SFPUC_SE_NSPS,Southeast Water Pollution Control Plant - NSPS,NA,NA,NA,NA,NA,NA,NA,NA,NA,NA,NA,SFPUC_SE_NSPS
SFPUC_SE_PP,Paris & Persia,San Francisco,San Francisco,upstream,Monitoring,Yes,ABAHO,sf_sub,San Francisco (Paris & Persia (Excelsior)),94124,6308,SFPUC_SE_PP,Southeast Water Pollution Control Plant - PP,NA,NA,NA,NA,SFPUC_SE_PP,NA,NA,NA,NA,NA,NA,SFPUC_SE_PP
SFPUC_SE_RR,Rayland & Rutland,San Francisco,San Francisco,upstream,Monitoring,Yes,ABAHO,sf_sub,San Francisco (Rayland & Rutland (Visitation Valley)),94124,4416,SFPUC_SE_RR,Southeast Water Pollution Control Plant - RR,NA,NA,NA,NA,SFPUC_SE_RR,NA,NA,NA,NA,NA,NA,SFPUC_SE_RR
SFPUC_SE_SELS,Southeast Lift Station,"San Francisco, San Mateo",San Francisco,upstream,Not monitoring,Yes,ABAHO,sf_sub,San Francisco (Southeast Lift Station),94124,249000,SFPUC_SE_SELS,Southeast Water Pollution Control Plant - SELS,NA,NA,NA,NA,NA,NA,NA,NA,NA,NA,NA,SFPUC_SE_SELS
SLO_WRRF,San Luis Obispo City,San Luis Obispo,San Luis Obispo,wwtp,Monitoring,Yes,SOCAL,community,San Luis Obispo (City of SLO),93401,47400,SLO_WRRF,City of San Luis Obispo Water Resource Recovery Facility,NA,NA,NA,NA,NA,NA,city of san luis obispo wrrf influent,city of san luis obispo water resource recovery facility,NA,NA,city of san luis obispo wrrf influent,SLO_WRRF
SMWTP_MillValley,Mill Valley,Marin,Marin,wwtp,Monitoring,No,ABAHO,community,Marin (Mill Valley),94941,30000,None,Sewerage Agency of Southern Marin Wastewater Treatment Plant,Mill Valley,NA,NA,NA,NA,NA,NA,NA,NA,NA,NA,SMWTP_MillValley 
SouthSD_WWTP,South San Diego,San Diego,San Diego,upstream,Not Monitoring,No,SOCAL,community,San Diego (South Bay),92154,1600000,None,South Bay International Wastewater Treatment Plant,South San Diego,NA,NA,NA,NA,NA,NA,NA,NA,NA,NA,SouthSD_WWTP
SRCSD,Sacramento,"Sacramento, Yolo",Sacramento,wwtp,Monitoring,Yes,SACRAMENTO,community,Sacramento (Sacramento),95758,1480000,SRCSD,Sacramento Regional Wastewater Treatment Plant,Sacramento,NA,Sacramento,NA,NA,NA,NA,NA,NA,NA,NA,SRCSD
SSLOCSD_Oceano,Oceano,San Luis Obispo,San Luis Obispo,wwtp,Monitoring,No,SOCAL,community,San Luis Obispo (Oceano),93445,39000,None,South SLO Wastewater Treatment Facility,NA,NA,NA,NA,NA,south san luis obispo county sanitation,south san luis obispo county sanitation district,south san luis obispo county sanitation district,NA,NA,NA,SSLOCSD_Oceano
Stockton_RWWCF,Stockton,San Joaquin,San Joaquin,wwtp,Monitoring,No,SJVC,community,San Joaquin (Stockton),95206,320000,None,Stockton Regional WW Control Facility,NA,NA,NA,NA,NA,NA,Stockton Regional WW Control Facility,NA,NA,NA,NA,Stockton_RWWCF
STPUD_Southtahoe,South Lake Tahoe,El Dorado,El Dorado,wwtp,Monitoring,No,SACRAMENTO,community,El Dorado (South Lake Tahoe),96150,40000,None,S. Lake Tahoe Wastewater Treatment Plant,NA,south tahoe public utility district,NA,NA,NA,NA,south tahoe wwtp raw influent,NA,NA,NA,NA,STPUD_Southtahoe
SVCW_WWTP,Silicon Valley,San Mateo,San Mateo,wwtp,Monitoring,Yes,ABAHO,community,San Mateo (Silicon Valley),94065,199000,SVCW_WWTP,Silicon Valley Clean Water WWTP,Silicon Valley,NA,Silicon Valley,NA,NA,NA,NA,NA,NA,NA,NA,SVCW_WWTP
Tahoe_Truckee_SA,Tahoe-Truckee,Nevada,Nevada,wwtp,Monitoring,No,SACRAMENTO,community,Nevada (Tahoe-Truckee),96161,50000,Tahoe_Truckee_SA,NA,NA,NA,NA,NA,Tahoe_Truckee_SA,NA,NA,NA,NA,NA,NA,Tahoe_Truckee_SA
Tracy_WWTP,Tracy,San Joaquin,San Joaquin,wwtp,Monitoring,No,SJVC,community,San Joaquin (Tracy),95304,98601,None,Tracy WWTP,NA,NA,NA,NA,NA,NA,Tracy WWTP,NA,NA,NA,NA,Tracy_WWTP
Turlock_RWQCF,Turlock,Stanislaus,Stanislaus,wwtp,Monitoring,Yes,SJVC,hcvt_rural,Stanislaus (Turlock),95380,86000,Turlock_RWQCF,City of Turlock Regional Water Quality Control Facility,NA,NA,Turlock,City of Turlock Regional Water Quality Control Facility,NA,NA,NA,NA,NA,NA,Turlock Wastewater Treatment Plant,Turlock_RWQCF
UCDavis_WWTP,UC Davis,Yolo,Yolo,campus,Monitoring,No,SACRAMENTO,campus,Yolo (UC Davis),95620,NA,None,UC Davis Main WWTP,UC Davis,NA,UC Davis,NA,NA,NA,NA,NA,NA,NA,NA,UCDavis_WWTP
UnionSD_Alvrdo,Union City,Alameda,Alameda,wwtp,Not monitoring,Yes,ABAHO,community,Alameda (Union City),94587,113795,UnionSD_Alvrdo,Raymond A. Boege Alvarado Wastewater Treatment Plant,NA,NA,NA,NA,NA,NA,NA,NA,NA,NA,NA,UnionSD_Alvrdo
UnionSD_Alvrdo_Fremont,Union City - Fremont,Alameda,Alameda,upstream,Monitoring,Yes,ABAHO,sub,Alameda (Union City - Fremont Basin),94587,229476,None,Raymond A. Boege Alvarado Wastewater Treatment Plant,Fremont,[fremont basin] -  raymond a. boege alvarado wwtp,NA,NA,NA,NA,NA,NA,NA,NA,NA,UnionSD_Alvrdo_Fremont
UnionSD_Alvrdo_Newark,Union City - Newark,Alameda,Alameda,upstream,Monitoring,Yes,ABAHO,sub,Alameda (Union City - Newark Basin),94587,47229,None,Raymond A. Boege Alvarado Wastewater Treatment Plant,Newark,[newark basin] - raymond a. boege alvarado wwtp,NA,NA,NA,NA,NA,NA,NA,NA,NA,UnionSD_Alvrdo_Newark
UnionSD_Alvrdo_Union,Union City - Union,Alameda,Alameda,upstream,Monitoring,Yes,ABAHO,sub,Alameda (Union City - Union Basin),94587,68150,None,Raymond A. Boege Alvarado Wastewater Treatment Plant,Union,[union city basin] - raymond a. boege alvarado wwtp,NA,NA,NA,NA,NA,NA,NA,NA,NA,UnionSD_Alvrdo_Union
UVSD_Ukiah,Ukiah,Mendocino,Mendocino,wwtp,Not Monitoring,No,RANCHO,community,Mendocino (Ukiah),95482,20700,None,CDPH - City of Ukiah Wastewater Treatment Plant,NA,NA,NA,NA,NA,NA,NA,NA,NA,NA,NA,UVSD_Ukiah
Vacaville_East,Vacaville,Solano,Solano,wwtp,Not monitoring,Yes,ABAHO,community,Solano (Vacaville),95625,1.00E+05,Vacaville_East,Easterly Wastewater Treatment Plant,NA,NA,NA,NA,NA,NA,NA,NA,NA,NA,NA,Vacaville_East
Vallejo_FWD,Vallejo,Solano,Solano,wwtp,Monitoring,Yes,ABAHO,community,Solano (Vallejo),94590,121000,Vallejo_FWD,Vallejo F&WD (formerly SFCD) WWTP,Vallejo,vallejo flood and wastewater district wastewater treatment plant,NA,NA,NA,NA,NA,NA,NA,NA,NA,Vallejo_FWD
VSD_Indio,Indio,Riverside,Riverside,wwtp,Monitoring,Yes,SOCAL,community,Riverside (Indio),92201,91765,VSD_Indio,Valley Sanitary District Wastewater Treatment Plant,Indio,valley sanitary district,NA,NA,NA,NA,valley sanitary district,valley sanitary district,NA,NA,NA,VSD_Indio
Watsonville_WWTP,Watsonville,"Santa Cruz, Monterey",Santa Cruz,wwtp,Monitoring,Yes,ABAHO,community,Santa Cruz (Watsonville),95077,60000,Watsonville_WWTP,CDPH - City of Watsonville Wastewater Treatment Facility,NA,NA,NA,NA,NA,watsonville wwtf,city of watsonville,city of watsonville,NA,NA,NA,Watsonville_WWTP
WCWD,Richmond,Contra Costa,Contra Costa,wwtp,Monitoring,Yes,ABAHO,community,Contra Costa (Richmond),94801,1.00E+05,WCWD,West County Agency Outfall,West Contra Costa County,west county wastewater district,NA,NA,NA,NA,NA,NA,NA,NA,NA,WCWD
White_Slough_Lodi,Lodi,San Joaquin,San Joaquin,wwtp,Monitoring,No,SJVC,community,San Joaquin (Lodi),95242,67021,None,White Slough Water Pollution Control Facility,NA,NA,NA,NA,NA,san joaquin county,White Slough Water Pollution Control Facility,NA,NA,NA,NA,White_Slough_Lodi
Windsor_WTRDF,Windsor,Sonoma,Sonoma,wwtp,Monitoring,No,ABAHO,community,Sonoma (Windsor),95492,28000,None,"Windsor Wastewater Treatment, Reclamation, and Disposal Facility",Windsor,NA,NA,NA,NA,NA,NA,NA,NA,NA,NA,Windsor_WTRDF
Winters_WTF,Winters,Yolo,Yolo,wwtp,Monitoring,Yes,SACRAMENTO,hcvt_rural,Yolo (Winters),95694,7285,Winters_WTF,Winters Wastewater Treatment Facility,NA,NA,Winters,Winters Wastewater Treatment Facility,NA,NA,NA,NA,NA,NA,Winters Wastewater Treatment Facility - East Street Influent Pump Station,Winters_WTF
Woodland_WPCP,Woodland,Yolo,Yolo,wwtp,Monitoring,Yes,SACRAMENTO,hcvt_rural,Yolo (Woodland),95776,59000,Woodland_WPCP,Woodland Water Pollution Control Plant,NA,NA,Woodland,Woodland Water Pollution Control Facility,NA,NA,NA,NA,NA,NA,NA,Woodland_WPCP
Yntville_WRF,Yountville,Napa,Napa,wwtp,Not monitoring,Yes,ABAHO,community,Napa (Yountville),94599,2200,Yntville_WRF,Town of Yountville Wastewater Reclamation Facility,NA,NA,NA,NA,NA,NA,NA,NA,NA,NA,NA,Yntville_WRF
LACSD_SJCE,LA - San Jose Creek East,Los Angeles,Los Angeles,upstream,Monitoring,No,SOCAL,sub,Los Angeles (San Jose Creek East),NA,680000,LACSD_SJCE,San Jose Creek East Water Reclamation Plant,"CDPH - San Jose Creek WRP, East",NA,NA,NA,NA,NA,NA,NA,NA,NA,NA,LACSD_SJCE
LACSD_SJCW,LA - San Jose Creek West,Los Angeles,Los Angeles,upstream,Monitoring,No,SOCAL,sub,Los Angeles (San Jose Creek West),NA,340000,LACSD_SJCW,San Jose Creek West Water Reclamation Plant,"CDPH - San Jose Creek, West",NA,NA,NA,NA,NA,NA,NA,NA,NA,NA,LACSD_SJCW
LACSD_WN,LA - Whittier Narrows,Los Angeles,Los Angeles,upstream,Monitoring,No,SOCAL,sub,Los Angeles (Whittier Narrows),NA,380000,LACSD_WN,Whittier Narrows Water Reclamation Plant,CDPH - Whittier Narrows,NA,NA,NA,NA,NA,NA,NA,NA,NA,NA,LACSD_WN
Lodi_upstream,Lodi (Upstream),San Joaquin,San Joaquin,upstream,Monitoring,No,SJVC,sub,San Joaquin (Lodi: Upstream),95242,30000,None,City of Lodi Trunkline,NA,NA,NA,NA,NA,city of lodi trunkline,NA,NA,NA,NA,NA,Lodi_upstream
